<?xml version="1.0"?>
<manifest identifier="CheckYourKnowledgeQuiz" xmlns="http://www.imsproject.org/xsd/ims_cp_rootv1p1" 
    xmlns:imsmd="http://www.imsproject.org/xsd/ims_md_rootv1p1">
  <metadata>
  </metadata>
  <organizations default="MIXED_NAVIGATED">
    <organization identifier="MIXED_NAVIGATED" structure="hierarchical">
      <title>Menu of Modules</title>
      <item identifier="home_selfnav" identifierref="R_home_selfnav" isvisible="true">
        <title>Check Your Knowledge Quiz: Home</title>
      </item>
      <item identifier="content_0_selfnav" identifierref="R_content_0_selfnav" isvisible="true">
        <title>Sound Information</title>
      </item>
      <item identifier="content_1_selfnav" identifierref="R_content_1_selfnav" isvisible="true">
        <title>Tonality, atonality, consonance and dissonance 1 of 10</title>
      </item>
      <item identifier="content_2_selfnav" identifierref="R_content_2_selfnav" isvisible="true">
        <title>Tonality, atonality, consonance and dissonance 2 of 10</title>
      </item>
      <item identifier="content_3_selfnav" identifierref="R_content_3_selfnav" isvisible="true">
        <title>Tonality, atonality, consonance and dissonance 3 of 10</title>
      </item>
      <item identifier="content_4_selfnav" identifierref="R_content_4_selfnav" isvisible="true">
        <title>Tonality, atonality, consonance and dissonance 4 of 10</title>
      </item>
      <item identifier="content_5_selfnav" identifierref="R_content_5_selfnav" isvisible="true">
        <title>Tonality, atonality, consonance and dissonance 5 of 10</title>
      </item>
      <item identifier="content_6_selfnav" identifierref="R_content_6_selfnav" isvisible="true">
        <title>Tonality, atonality, consonance and dissonance 6 of 10</title>
      </item>
      <item identifier="content_7_selfnav" identifierref="R_content_7_selfnav" isvisible="true">
        <title>Tonality, atonality, consonance and dissonance 7 of 10</title>
      </item>
      <item identifier="content_8_selfnav" identifierref="R_content_8_selfnav" isvisible="true">
        <title>Tonality, atonality, consonance and dissonance 8 of 10</title>
      </item>
      <item identifier="content_9_selfnav" identifierref="R_content_9_selfnav" isvisible="true">
        <title>Tonality, atonality, consonance and dissonance 9 of 10</title>
      </item>
      <item identifier="content_10_selfnav" identifierref="R_content_10_selfnav" isvisible="true">
        <title>Tonality, atonality, consonance and dissonance 10 of 10</title>
      </item>
      <item identifier="content_11_selfnav" identifierref="R_content_11_selfnav" isvisible="true">
        <title>Major and minor tonalities and triads 1 of 10</title>
      </item>
      <item identifier="content_12_selfnav" identifierref="R_content_12_selfnav" isvisible="true">
        <title>Major and minor tonalities and triads 2 of 10</title>
      </item>
      <item identifier="content_13_selfnav" identifierref="R_content_13_selfnav" isvisible="true">
        <title>Major and minor tonalities and triads 3 of 10</title>
      </item>
      <item identifier="content_14_selfnav" identifierref="R_content_14_selfnav" isvisible="true">
        <title>Major and minor tonalities and triads 4 of 10</title>
      </item>
      <item identifier="content_15_selfnav" identifierref="R_content_15_selfnav" isvisible="true">
        <title>Major and minor tonalities and triads 5 of 10</title>
      </item>
      <item identifier="content_16_selfnav" identifierref="R_content_16_selfnav" isvisible="true">
        <title>Major and minor tonalities and triads 6 of 10</title>
      </item>
      <item identifier="content_17_selfnav" identifierref="R_content_17_selfnav" isvisible="true">
        <title>Major and minor tonalities and triads 7 of 10</title>
      </item>
      <item identifier="content_18_selfnav" identifierref="R_content_18_selfnav" isvisible="true">
        <title>Major and minor tonalities and triads 8 of 10</title>
      </item>
      <item identifier="content_19_selfnav" identifierref="R_content_19_selfnav" isvisible="true">
        <title>Major and minor tonalities and triads 9 of 10</title>
      </item>
      <item identifier="content_20_selfnav" identifierref="R_content_20_selfnav" isvisible="true">
        <title>Major and minor tonalities and triads 10 of 10</title>
      </item>
      <item identifier="content_21_selfnav" identifierref="R_content_21_selfnav" isvisible="true">
        <title>Primary triads 1 of 10</title>
      </item>
      <item identifier="content_22_selfnav" identifierref="R_content_22_selfnav" isvisible="true">
        <title>Primary triads 2 of 10</title>
      </item>
      <item identifier="content_23_selfnav" identifierref="R_content_23_selfnav" isvisible="true">
        <title>Primary triads 3 of 10</title>
      </item>
      <item identifier="content_24_selfnav" identifierref="R_content_24_selfnav" isvisible="true">
        <title>Primary triads 4 of 10</title>
      </item>
      <item identifier="content_25_selfnav" identifierref="R_content_25_selfnav" isvisible="true">
        <title>Primary triads 5 of 10</title>
      </item>
      <item identifier="content_26_selfnav" identifierref="R_content_26_selfnav" isvisible="true">
        <title>Primary triads 6 of 10</title>
      </item>
      <item identifier="content_27_selfnav" identifierref="R_content_27_selfnav" isvisible="true">
        <title>Primary triads 7 of 10</title>
      </item>
      <item identifier="content_28_selfnav" identifierref="R_content_28_selfnav" isvisible="true">
        <title>Primary triads 8 of 10</title>
      </item>
      <item identifier="content_29_selfnav" identifierref="R_content_29_selfnav" isvisible="true">
        <title>Primary triads 9 of 10</title>
      </item>
      <item identifier="content_30_selfnav" identifierref="R_content_30_selfnav" isvisible="true">
        <title>Primary triads 10 of 10</title>
      </item>
      <item identifier="content_31_selfnav" identifierref="R_content_31_selfnav" isvisible="true">
        <title>Cadences 1 of 10</title>
      </item>
      <item identifier="content_32_selfnav" identifierref="R_content_32_selfnav" isvisible="true">
        <title>Cadences 2 of 10</title>
      </item>
      <item identifier="content_33_selfnav" identifierref="R_content_33_selfnav" isvisible="true">
        <title>Cadences 3 of 10</title>
      </item>
      <item identifier="content_34_selfnav" identifierref="R_content_34_selfnav" isvisible="true">
        <title>Cadences 4 of 10</title>
      </item>
      <item identifier="content_35_selfnav" identifierref="R_content_35_selfnav" isvisible="true">
        <title>Cadences 5 of 10</title>
      </item>
      <item identifier="content_36_selfnav" identifierref="R_content_36_selfnav" isvisible="true">
        <title>Cadences 6 of 10</title>
      </item>
      <item identifier="content_37_selfnav" identifierref="R_content_37_selfnav" isvisible="true">
        <title>Cadences 7 of 10</title>
      </item>
      <item identifier="content_38_selfnav" identifierref="R_content_38_selfnav" isvisible="true">
        <title>Cadences 8 of 10</title>
      </item>
      <item identifier="content_39_selfnav" identifierref="R_content_39_selfnav" isvisible="true">
        <title>Cadences 9 of 10</title>
      </item>
      <item identifier="content_40_selfnav" identifierref="R_content_40_selfnav" isvisible="true">
        <title>Cadences 10(a) of 10</title>
      </item>
      <item identifier="content_41_selfnav" identifierref="R_content_41_selfnav" isvisible="true">
        <title>Cadences 10(b) of 10</title>
      </item>
      <item identifier="end_selfnav" identifierref="R_end_selfnav" isvisible="true">
        <title>End of session</title>
      </item>
      <item identifier="support_selfnav" identifierref="R_support_selfnav" isvisible="true">
        <title>Support Pages</title>
      </item>
    </organization>
    <organization identifier="VLE_NAVIGATED" structure="hierarchical">
      <title>Table Of Contents</title>
      <item identifier="home" identifierref="R_home" isvisible="true">
        <title>Check Your Knowledge Quiz: Home</title>
      </item>
      <item identifier="content_0" identifierref="R_content_0" isvisible="true">
        <title>Sound Information</title>
      </item>
      <item identifier="content_1" identifierref="R_content_1" isvisible="true">
        <title>Tonality, atonality, consonance and dissonance 1 of 10</title>
      </item>
      <item identifier="content_2" identifierref="R_content_2" isvisible="true">
        <title>Tonality, atonality, consonance and dissonance 2 of 10</title>
      </item>
      <item identifier="content_3" identifierref="R_content_3" isvisible="true">
        <title>Tonality, atonality, consonance and dissonance 3 of 10</title>
      </item>
      <item identifier="content_4" identifierref="R_content_4" isvisible="true">
        <title>Tonality, atonality, consonance and dissonance 4 of 10</title>
      </item>
      <item identifier="content_5" identifierref="R_content_5" isvisible="true">
        <title>Tonality, atonality, consonance and dissonance 5 of 10</title>
      </item>
      <item identifier="content_6" identifierref="R_content_6" isvisible="true">
        <title>Tonality, atonality, consonance and dissonance 6 of 10</title>
      </item>
      <item identifier="content_7" identifierref="R_content_7" isvisible="true">
        <title>Tonality, atonality, consonance and dissonance 7 of 10</title>
      </item>
      <item identifier="content_8" identifierref="R_content_8" isvisible="true">
        <title>Tonality, atonality, consonance and dissonance 8 of 10</title>
      </item>
      <item identifier="content_9" identifierref="R_content_9" isvisible="true">
        <title>Tonality, atonality, consonance and dissonance 9 of 10</title>
      </item>
      <item identifier="content_10" identifierref="R_content_10" isvisible="true">
        <title>Tonality, atonality, consonance and dissonance 10 of 10</title>
      </item>
      <item identifier="content_11" identifierref="R_content_11" isvisible="true">
        <title>Major and minor tonalities and triads 1 of 10</title>
      </item>
      <item identifier="content_12" identifierref="R_content_12" isvisible="true">
        <title>Major and minor tonalities and triads 2 of 10</title>
      </item>
      <item identifier="content_13" identifierref="R_content_13" isvisible="true">
        <title>Major and minor tonalities and triads 3 of 10</title>
      </item>
      <item identifier="content_14" identifierref="R_content_14" isvisible="true">
        <title>Major and minor tonalities and triads 4 of 10</title>
      </item>
      <item identifier="content_15" identifierref="R_content_15" isvisible="true">
        <title>Major and minor tonalities and triads 5 of 10</title>
      </item>
      <item identifier="content_16" identifierref="R_content_16" isvisible="true">
        <title>Major and minor tonalities and triads 6 of 10</title>
      </item>
      <item identifier="content_17" identifierref="R_content_17" isvisible="true">
        <title>Major and minor tonalities and triads 7 of 10</title>
      </item>
      <item identifier="content_18" identifierref="R_content_18" isvisible="true">
        <title>Major and minor tonalities and triads 8 of 10</title>
      </item>
      <item identifier="content_19" identifierref="R_content_19" isvisible="true">
        <title>Major and minor tonalities and triads 9 of 10</title>
      </item>
      <item identifier="content_20" identifierref="R_content_20" isvisible="true">
        <title>Major and minor tonalities and triads 10 of 10</title>
      </item>
      <item identifier="content_21" identifierref="R_content_21" isvisible="true">
        <title>Primary triads 1 of 10</title>
      </item>
      <item identifier="content_22" identifierref="R_content_22" isvisible="true">
        <title>Primary triads 2 of 10</title>
      </item>
      <item identifier="content_23" identifierref="R_content_23" isvisible="true">
        <title>Primary triads 3 of 10</title>
      </item>
      <item identifier="content_24" identifierref="R_content_24" isvisible="true">
        <title>Primary triads 4 of 10</title>
      </item>
      <item identifier="content_25" identifierref="R_content_25" isvisible="true">
        <title>Primary triads 5 of 10</title>
      </item>
      <item identifier="content_26" identifierref="R_content_26" isvisible="true">
        <title>Primary triads 6 of 10</title>
      </item>
      <item identifier="content_27" identifierref="R_content_27" isvisible="true">
        <title>Primary triads 7 of 10</title>
      </item>
      <item identifier="content_28" identifierref="R_content_28" isvisible="true">
        <title>Primary triads 8 of 10</title>
      </item>
      <item identifier="content_29" identifierref="R_content_29" isvisible="true">
        <title>Primary triads 9 of 10</title>
      </item>
      <item identifier="content_30" identifierref="R_content_30" isvisible="true">
        <title>Primary triads 10 of 10</title>
      </item>
      <item identifier="content_31" identifierref="R_content_31" isvisible="true">
        <title>Cadences 1 of 10</title>
      </item>
      <item identifier="content_32" identifierref="R_content_32" isvisible="true">
        <title>Cadences 2 of 10</title>
      </item>
      <item identifier="content_33" identifierref="R_content_33" isvisible="true">
        <title>Cadences 3 of 10</title>
      </item>
      <item identifier="content_34" identifierref="R_content_34" isvisible="true">
        <title>Cadences 4 of 10</title>
      </item>
      <item identifier="content_35" identifierref="R_content_35" isvisible="true">
        <title>Cadences 5 of 10</title>
      </item>
      <item identifier="content_36" identifierref="R_content_36" isvisible="true">
        <title>Cadences 6 of 10</title>
      </item>
      <item identifier="content_37" identifierref="R_content_37" isvisible="true">
        <title>Cadences 7 of 10</title>
      </item>
      <item identifier="content_38" identifierref="R_content_38" isvisible="true">
        <title>Cadences 8 of 10</title>
      </item>
      <item identifier="content_39" identifierref="R_content_39" isvisible="true">
        <title>Cadences 9 of 10</title>
      </item>
      <item identifier="content_40" identifierref="R_content_40" isvisible="true">
        <title>Cadences 10(a) of 10</title>
      </item>
      <item identifier="content_41" identifierref="R_content_41" isvisible="true">
        <title>Cadences 10(b) of 10</title>
      </item>
      <item identifier="end" identifierref="R_end" isvisible="true">
        <title>End of session</title>
      </item>
      <item identifier="support" isvisible="true">
        <title>Support Pages</title>
        <item identifier="info" identifierref="R_info" isvisible="true">
          <title>Extra information about these materials</title>
        </item>
        <item identifier="sena" identifierref="R_sena" isvisible="true">
          <title>Help: Accessing these materials</title>
        </item>
        <item identifier="objectives" identifierref="R_objectives" isvisible="true">
          <title>Objectives</title>
        </item>
        <item identifier="copyright" identifierref="R_copyright" isvisible="true">
          <title>Copyright information</title>
        </item>
        <item identifier="help" identifierref="R_help" isvisible="true">
          <title>Help: Buttons</title>
        </item>
      </item>
    </organization>
    <organization identifier="SELF_NAVIGATED" structure="hierarchical">
      <title>Self Navigating</title>
      <item identifier="home_selfnav" identifierref="R_home_selfnav">
        <title>Check Your Knowledge Quiz: Home</title>
      </item>
    </organization>
    <organization identifier="SELF_NAVIGATED_POPUP" structure="hierarchical">
      <title>Self Navigating (new window)</title>
      <item identifier="home_selfnav_popup" identifierref="R_home_selfnav_popup">
        <title>Check Your Knowledge Quiz: Home</title>
      </item>
    </organization>
  </organizations>
  <resources>
    <resource identifier="R_content_0_selfnav" type="webcontent" href="content_0/index.htm">
      <file href="content_0/index.htm"/>
      <file href="assets/G_2ea95f624214.gif"/>
      <file href="assets/G_d3c25b254214.gif"/>
      <dependency identifierref="R_misc"/>
    </resource>
    <resource identifier="R_content_1_selfnav" type="webcontent" href="content_1/index.htm">
      <file href="content_1/index.htm"/>
      <file href="assets/G_899245018319.swfl"/>
      <dependency identifierref="R_misc"/>
    </resource>
    <resource identifier="R_content_2_selfnav" type="webcontent" href="content_2/index.htm">
      <file href="content_2/index.htm"/>
      <file href="assets/G_9dd59fce11998.swfl"/>
      <dependency identifierref="R_misc"/>
    </resource>
    <resource identifier="R_content_3_selfnav" type="webcontent" href="content_3/index.htm">
      <file href="content_3/index.htm"/>
      <file href="assets/G_04a9ee1414653.swfl"/>
      <dependency identifierref="R_misc"/>
    </resource>
    <resource identifier="R_content_4_selfnav" type="webcontent" href="content_4/index.htm">
      <file href="content_4/index.htm"/>
      <file href="assets/G_3942cd0117646.swfl"/>
      <dependency identifierref="R_misc"/>
    </resource>
    <resource identifier="R_content_5_selfnav" type="webcontent" href="content_5/index.htm">
      <file href="content_5/index.htm"/>
      <file href="assets/G_7822f71620598.swfl"/>
      <dependency identifierref="R_misc"/>
    </resource>
    <resource identifier="R_content_6_selfnav" type="webcontent" href="content_6/index.htm">
      <file href="content_6/index.htm"/>
      <file href="assets/G_11e2c99323389.swfl"/>
      <dependency identifierref="R_misc"/>
    </resource>
    <resource identifier="R_content_7_selfnav" type="webcontent" href="content_7/index.htm">
      <file href="content_7/index.htm"/>
      <file href="assets/G_9957d4c126195.swfl"/>
      <dependency identifierref="R_misc"/>
    </resource>
    <resource identifier="R_content_8_selfnav" type="webcontent" href="content_8/index.htm">
      <file href="content_8/index.htm"/>
      <file href="assets/G_e6d5c9e328938.swfl"/>
      <dependency identifierref="R_misc"/>
    </resource>
    <resource identifier="R_content_9_selfnav" type="webcontent" href="content_9/index.htm">
      <file href="content_9/index.htm"/>
      <file href="assets/G_bdcea1b532122.swfl"/>
      <dependency identifierref="R_misc"/>
    </resource>
    <resource identifier="R_content_10_selfnav" type="webcontent" href="content_10/index.htm">
      <file href="content_10/index.htm"/>
      <file href="assets/G_d67fe64336047.swfl"/>
      <dependency identifierref="R_misc"/>
    </resource>
    <resource identifier="R_content_11_selfnav" type="webcontent" href="content_11/index.htm">
      <file href="content_11/index.htm"/>
      <file href="assets/G_f476dee338618.swfl"/>
      <dependency identifierref="R_misc"/>
    </resource>
    <resource identifier="R_content_12_selfnav" type="webcontent" href="content_12/index.htm">
      <file href="content_12/index.htm"/>
      <file href="assets/G_459445f141779.swfl"/>
      <dependency identifierref="R_misc"/>
    </resource>
    <resource identifier="R_content_13_selfnav" type="webcontent" href="content_13/index.htm">
      <file href="content_13/index.htm"/>
      <file href="assets/G_e7bfa9f645190.swfl"/>
      <dependency identifierref="R_misc"/>
    </resource>
    <resource identifier="R_content_14_selfnav" type="webcontent" href="content_14/index.htm">
      <file href="content_14/index.htm"/>
      <file href="assets/G_52684e2747819.swfl"/>
      <dependency identifierref="R_misc"/>
    </resource>
    <resource identifier="R_content_15_selfnav" type="webcontent" href="content_15/index.htm">
      <file href="content_15/index.htm"/>
      <file href="assets/G_05179f1050695.swfl"/>
      <dependency identifierref="R_misc"/>
    </resource>
    <resource identifier="R_content_16_selfnav" type="webcontent" href="content_16/index.htm">
      <file href="content_16/index.htm"/>
      <file href="assets/G_bc69af8e53253.swfl"/>
      <dependency identifierref="R_misc"/>
    </resource>
    <resource identifier="R_content_17_selfnav" type="webcontent" href="content_17/index.htm">
      <file href="content_17/index.htm"/>
      <file href="assets/G_51e13cd056073.swfl"/>
      <dependency identifierref="R_misc"/>
    </resource>
    <resource identifier="R_content_18_selfnav" type="webcontent" href="content_18/index.htm">
      <file href="content_18/index.htm"/>
      <file href="assets/G_8f219ab158855.swfl"/>
      <dependency identifierref="R_misc"/>
    </resource>
    <resource identifier="R_content_19_selfnav" type="webcontent" href="content_19/index.htm">
      <file href="content_19/index.htm"/>
      <file href="assets/G_2d69419d61918.swfl"/>
      <dependency identifierref="R_misc"/>
    </resource>
    <resource identifier="R_content_20_selfnav" type="webcontent" href="content_20/index.htm">
      <file href="content_20/index.htm"/>
      <file href="assets/G_def251ea65267.swfl"/>
      <dependency identifierref="R_misc"/>
    </resource>
    <resource identifier="R_content_21_selfnav" type="webcontent" href="content_21/index.htm">
      <file href="content_21/index.htm"/>
      <file href="assets/G_1f9db7df2736.swfl"/>
      <dependency identifierref="R_misc"/>
    </resource>
    <resource identifier="R_content_22_selfnav" type="webcontent" href="content_22/index.htm">
      <file href="content_22/index.htm"/>
      <file href="assets/G_6b7f57b25711.swfl"/>
      <dependency identifierref="R_misc"/>
    </resource>
    <resource identifier="R_content_23_selfnav" type="webcontent" href="content_23/index.htm">
      <file href="content_23/index.htm"/>
      <file href="assets/G_1f6434bb9195.swfl"/>
      <dependency identifierref="R_misc"/>
    </resource>
    <resource identifier="R_content_24_selfnav" type="webcontent" href="content_24/index.htm">
      <file href="content_24/index.htm"/>
      <file href="assets/G_7c78169d13365.swfl"/>
      <dependency identifierref="R_misc"/>
    </resource>
    <resource identifier="R_content_25_selfnav" type="webcontent" href="content_25/index.htm">
      <file href="content_25/index.htm"/>
      <file href="assets/G_686218e715962.swfl"/>
      <dependency identifierref="R_misc"/>
    </resource>
    <resource identifier="R_content_26_selfnav" type="webcontent" href="content_26/index.htm">
      <file href="content_26/index.htm"/>
      <file href="assets/G_752f0c6918674.swfl"/>
      <dependency identifierref="R_misc"/>
    </resource>
    <resource identifier="R_content_27_selfnav" type="webcontent" href="content_27/index.htm">
      <file href="content_27/index.htm"/>
      <file href="assets/G_4a6d574621660.swfl"/>
      <dependency identifierref="R_misc"/>
    </resource>
    <resource identifier="R_content_28_selfnav" type="webcontent" href="content_28/index.htm">
      <file href="content_28/index.htm"/>
      <file href="assets/G_b27cd75b24413.swfl"/>
      <dependency identifierref="R_misc"/>
    </resource>
    <resource identifier="R_content_29_selfnav" type="webcontent" href="content_29/index.htm">
      <file href="content_29/index.htm"/>
      <file href="assets/G_ba0583cd27497.swfl"/>
      <dependency identifierref="R_misc"/>
    </resource>
    <resource identifier="R_content_30_selfnav" type="webcontent" href="content_30/index.htm">
      <file href="content_30/index.htm"/>
      <file href="assets/G_9cd9808b30161.swfl"/>
      <dependency identifierref="R_misc"/>
    </resource>
    <resource identifier="R_content_31_selfnav" type="webcontent" href="content_31/index.htm">
      <file href="content_31/index.htm"/>
      <file href="assets/G_9a473c4432915.swfl"/>
      <dependency identifierref="R_misc"/>
    </resource>
    <resource identifier="R_content_32_selfnav" type="webcontent" href="content_32/index.htm">
      <file href="content_32/index.htm"/>
      <file href="assets/G_52d1893035709.swfl"/>
      <dependency identifierref="R_misc"/>
    </resource>
    <resource identifier="R_content_33_selfnav" type="webcontent" href="content_33/index.htm">
      <file href="content_33/index.htm"/>
      <file href="assets/G_b683ccd438413.swfl"/>
      <dependency identifierref="R_misc"/>
    </resource>
    <resource identifier="R_content_34_selfnav" type="webcontent" href="content_34/index.htm">
      <file href="content_34/index.htm"/>
      <file href="assets/G_a97e68ab41213.swfl"/>
      <dependency identifierref="R_misc"/>
    </resource>
    <resource identifier="R_content_35_selfnav" type="webcontent" href="content_35/index.htm">
      <file href="content_35/index.htm"/>
      <file href="assets/G_625a6a1d44064.swfl"/>
      <dependency identifierref="R_misc"/>
    </resource>
    <resource identifier="R_content_36_selfnav" type="webcontent" href="content_36/index.htm">
      <file href="content_36/index.htm"/>
      <file href="assets/G_bb91314346709.swfl"/>
      <dependency identifierref="R_misc"/>
    </resource>
    <resource identifier="R_content_37_selfnav" type="webcontent" href="content_37/index.htm">
      <file href="content_37/index.htm"/>
      <file href="assets/G_9857e7c149399.swfl"/>
      <dependency identifierref="R_misc"/>
    </resource>
    <resource identifier="R_content_38_selfnav" type="webcontent" href="content_38/index.htm">
      <file href="content_38/index.htm"/>
      <file href="assets/G_3237e11b52484.swfl"/>
      <dependency identifierref="R_misc"/>
    </resource>
    <resource identifier="R_content_39_selfnav" type="webcontent" href="content_39/index.htm">
      <file href="content_39/index.htm"/>
      <file href="assets/G_f9e36c2759670.swfl"/>
      <dependency identifierref="R_misc"/>
    </resource>
    <resource identifier="R_content_40_selfnav" type="webcontent" href="content_40/index.htm">
      <file href="content_40/index.htm"/>
      <file href="assets/G_03814e5664153.swfl"/>
      <dependency identifierref="R_misc"/>
    </resource>
    <resource identifier="R_content_41_selfnav" type="webcontent" href="content_41/index.htm">
      <file href="content_41/index.htm"/>
      <file href="assets/G_ab87d2722836.swfl"/>
      <dependency identifierref="R_misc"/>
    </resource>
    <resource identifier="R_end_selfnav" type="webcontent" href="end/index.htm">
      <file href="end/index.htm"/>
      <dependency identifierref="R_misc"/>
    </resource>
    <resource identifier="R_support_selfnav" type="webcontent" href="support/index.htm">
      <file href="support/index.htm"/>
    </resource>
    <resource identifier="R_home" type="webcontent" href="home/pure.htm">
      <file href="home/pure.htm"/>
      <file href="assets/G_e712dee9919.gif"/>
      <file href="assets/G_d44222ee919.gif"/>
      <file href="assets/G_4b94fe49920.gif"/>
      <file href="assets/G_6ee8698d920.gif"/>
      <file href="assets/G_e14d5d37926.gif"/>
      <file href="assets/G_8dd89c29927.gif"/>
      <dependency identifierref="R_misc"/>
    </resource>
    <resource identifier="R_content_0" type="webcontent" href="content_0/pure.htm">
      <file href="content_0/pure.htm"/>
      <file href="assets/G_2ea95f624214.gif"/>
      <file href="assets/G_d3c25b254214.gif"/>
      <dependency identifierref="R_misc"/>
    </resource>
    <resource identifier="R_content_1" type="webcontent" href="content_1/pure.htm">
      <file href="content_1/pure.htm"/>
      <file href="assets/G_899245018319.swfl"/>
      <dependency identifierref="R_misc"/>
    </resource>
    <resource identifier="R_content_2" type="webcontent" href="content_2/pure.htm">
      <file href="content_2/pure.htm"/>
      <file href="assets/G_9dd59fce11998.swfl"/>
      <dependency identifierref="R_misc"/>
    </resource>
    <resource identifier="R_content_3" type="webcontent" href="content_3/pure.htm">
      <file href="content_3/pure.htm"/>
      <file href="assets/G_04a9ee1414653.swfl"/>
      <dependency identifierref="R_misc"/>
    </resource>
    <resource identifier="R_content_4" type="webcontent" href="content_4/pure.htm">
      <file href="content_4/pure.htm"/>
      <file href="assets/G_3942cd0117646.swfl"/>
      <dependency identifierref="R_misc"/>
    </resource>
    <resource identifier="R_content_5" type="webcontent" href="content_5/pure.htm">
      <file href="content_5/pure.htm"/>
      <file href="assets/G_7822f71620598.swfl"/>
      <dependency identifierref="R_misc"/>
    </resource>
    <resource identifier="R_content_6" type="webcontent" href="content_6/pure.htm">
      <file href="content_6/pure.htm"/>
      <file href="assets/G_11e2c99323389.swfl"/>
      <dependency identifierref="R_misc"/>
    </resource>
    <resource identifier="R_content_7" type="webcontent" href="content_7/pure.htm">
      <file href="content_7/pure.htm"/>
      <file href="assets/G_9957d4c126195.swfl"/>
      <dependency identifierref="R_misc"/>
    </resource>
    <resource identifier="R_content_8" type="webcontent" href="content_8/pure.htm">
      <file href="content_8/pure.htm"/>
      <file href="assets/G_e6d5c9e328938.swfl"/>
      <dependency identifierref="R_misc"/>
    </resource>
    <resource identifier="R_content_9" type="webcontent" href="content_9/pure.htm">
      <file href="content_9/pure.htm"/>
      <file href="assets/G_bdcea1b532122.swfl"/>
      <dependency identifierref="R_misc"/>
    </resource>
    <resource identifier="R_content_10" type="webcontent" href="content_10/pure.htm">
      <file href="content_10/pure.htm"/>
      <file href="assets/G_d67fe64336047.swfl"/>
      <dependency identifierref="R_misc"/>
    </resource>
    <resource identifier="R_content_11" type="webcontent" href="content_11/pure.htm">
      <file href="content_11/pure.htm"/>
      <file href="assets/G_f476dee338618.swfl"/>
      <dependency identifierref="R_misc"/>
    </resource>
    <resource identifier="R_content_12" type="webcontent" href="content_12/pure.htm">
      <file href="content_12/pure.htm"/>
      <file href="assets/G_459445f141779.swfl"/>
      <dependency identifierref="R_misc"/>
    </resource>
    <resource identifier="R_content_13" type="webcontent" href="content_13/pure.htm">
      <file href="content_13/pure.htm"/>
      <file href="assets/G_e7bfa9f645190.swfl"/>
      <dependency identifierref="R_misc"/>
    </resource>
    <resource identifier="R_content_14" type="webcontent" href="content_14/pure.htm">
      <file href="content_14/pure.htm"/>
      <file href="assets/G_52684e2747819.swfl"/>
      <dependency identifierref="R_misc"/>
    </resource>
    <resource identifier="R_content_15" type="webcontent" href="content_15/pure.htm">
      <file href="content_15/pure.htm"/>
      <file href="assets/G_05179f1050695.swfl"/>
      <dependency identifierref="R_misc"/>
    </resource>
    <resource identifier="R_content_16" type="webcontent" href="content_16/pure.htm">
      <file href="content_16/pure.htm"/>
      <file href="assets/G_bc69af8e53253.swfl"/>
      <dependency identifierref="R_misc"/>
    </resource>
    <resource identifier="R_content_17" type="webcontent" href="content_17/pure.htm">
      <file href="content_17/pure.htm"/>
      <file href="assets/G_51e13cd056073.swfl"/>
      <dependency identifierref="R_misc"/>
    </resource>
    <resource identifier="R_content_18" type="webcontent" href="content_18/pure.htm">
      <file href="content_18/pure.htm"/>
      <file href="assets/G_8f219ab158855.swfl"/>
      <dependency identifierref="R_misc"/>
    </resource>
    <resource identifier="R_content_19" type="webcontent" href="content_19/pure.htm">
      <file href="content_19/pure.htm"/>
      <file href="assets/G_2d69419d61918.swfl"/>
      <dependency identifierref="R_misc"/>
    </resource>
    <resource identifier="R_content_20" type="webcontent" href="content_20/pure.htm">
      <file href="content_20/pure.htm"/>
      <file href="assets/G_def251ea65267.swfl"/>
      <dependency identifierref="R_misc"/>
    </resource>
    <resource identifier="R_content_21" type="webcontent" href="content_21/pure.htm">
      <file href="content_21/pure.htm"/>
      <file href="assets/G_1f9db7df2736.swfl"/>
      <dependency identifierref="R_misc"/>
    </resource>
    <resource identifier="R_content_22" type="webcontent" href="content_22/pure.htm">
      <file href="content_22/pure.htm"/>
      <file href="assets/G_6b7f57b25711.swfl"/>
      <dependency identifierref="R_misc"/>
    </resource>
    <resource identifier="R_content_23" type="webcontent" href="content_23/pure.htm">
      <file href="content_23/pure.htm"/>
      <file href="assets/G_1f6434bb9195.swfl"/>
      <dependency identifierref="R_misc"/>
    </resource>
    <resource identifier="R_content_24" type="webcontent" href="content_24/pure.htm">
      <file href="content_24/pure.htm"/>
      <file href="assets/G_7c78169d13365.swfl"/>
      <dependency identifierref="R_misc"/>
    </resource>
    <resource identifier="R_content_25" type="webcontent" href="content_25/pure.htm">
      <file href="content_25/pure.htm"/>
      <file href="assets/G_686218e715962.swfl"/>
      <dependency identifierref="R_misc"/>
    </resource>
    <resource identifier="R_content_26" type="webcontent" href="content_26/pure.htm">
      <file href="content_26/pure.htm"/>
      <file href="assets/G_752f0c6918674.swfl"/>
      <dependency identifierref="R_misc"/>
    </resource>
    <resource identifier="R_content_27" type="webcontent" href="content_27/pure.htm">
      <file href="content_27/pure.htm"/>
      <file href="assets/G_4a6d574621660.swfl"/>
      <dependency identifierref="R_misc"/>
    </resource>
    <resource identifier="R_content_28" type="webcontent" href="content_28/pure.htm">
      <file href="content_28/pure.htm"/>
      <file href="assets/G_b27cd75b24413.swfl"/>
      <dependency identifierref="R_misc"/>
    </resource>
    <resource identifier="R_content_29" type="webcontent" href="content_29/pure.htm">
      <file href="content_29/pure.htm"/>
      <file href="assets/G_ba0583cd27497.swfl"/>
      <dependency identifierref="R_misc"/>
    </resource>
    <resource identifier="R_content_30" type="webcontent" href="content_30/pure.htm">
      <file href="content_30/pure.htm"/>
      <file href="assets/G_9cd9808b30161.swfl"/>
      <dependency identifierref="R_misc"/>
    </resource>
    <resource identifier="R_content_31" type="webcontent" href="content_31/pure.htm">
      <file href="content_31/pure.htm"/>
      <file href="assets/G_9a473c4432915.swfl"/>
      <dependency identifierref="R_misc"/>
    </resource>
    <resource identifier="R_content_32" type="webcontent" href="content_32/pure.htm">
      <file href="content_32/pure.htm"/>
      <file href="assets/G_52d1893035709.swfl"/>
      <dependency identifierref="R_misc"/>
    </resource>
    <resource identifier="R_content_33" type="webcontent" href="content_33/pure.htm">
      <file href="content_33/pure.htm"/>
      <file href="assets/G_b683ccd438413.swfl"/>
      <dependency identifierref="R_misc"/>
    </resource>
    <resource identifier="R_content_34" type="webcontent" href="content_34/pure.htm">
      <file href="content_34/pure.htm"/>
      <file href="assets/G_a97e68ab41213.swfl"/>
      <dependency identifierref="R_misc"/>
    </resource>
    <resource identifier="R_content_35" type="webcontent" href="content_35/pure.htm">
      <file href="content_35/pure.htm"/>
      <file href="assets/G_625a6a1d44064.swfl"/>
      <dependency identifierref="R_misc"/>
    </resource>
    <resource identifier="R_content_36" type="webcontent" href="content_36/pure.htm">
      <file href="content_36/pure.htm"/>
      <file href="assets/G_bb91314346709.swfl"/>
      <dependency identifierref="R_misc"/>
    </resource>
    <resource identifier="R_content_37" type="webcontent" href="content_37/pure.htm">
      <file href="content_37/pure.htm"/>
      <file href="assets/G_9857e7c149399.swfl"/>
      <dependency identifierref="R_misc"/>
    </resource>
    <resource identifier="R_content_38" type="webcontent" href="content_38/pure.htm">
      <file href="content_38/pure.htm"/>
      <file href="assets/G_3237e11b52484.swfl"/>
      <dependency identifierref="R_misc"/>
    </resource>
    <resource identifier="R_content_39" type="webcontent" href="content_39/pure.htm">
      <file href="content_39/pure.htm"/>
      <file href="assets/G_f9e36c2759670.swfl"/>
      <dependency identifierref="R_misc"/>
    </resource>
    <resource identifier="R_content_40" type="webcontent" href="content_40/pure.htm">
      <file href="content_40/pure.htm"/>
      <file href="assets/G_03814e5664153.swfl"/>
      <dependency identifierref="R_misc"/>
    </resource>
    <resource identifier="R_content_41" type="webcontent" href="content_41/pure.htm">
      <file href="content_41/pure.htm"/>
      <file href="assets/G_ab87d2722836.swfl"/>
      <dependency identifierref="R_misc"/>
    </resource>
    <resource identifier="R_end" type="webcontent" href="end/pure.htm">
      <file href="end/pure.htm"/>
      <dependency identifierref="R_misc"/>
    </resource>
    <resource identifier="R_info" type="webcontent" href="info/pure.htm">
      <file href="info/pure.htm"/>
      <dependency identifierref="R_misc"/>
    </resource>
    <resource identifier="R_sena" type="webcontent" href="sena/pure.htm">
      <file href="sena/pure.htm"/>
      <dependency identifierref="R_misc"/>
    </resource>
    <resource identifier="R_objectives" type="webcontent" href="objectives/pure.htm">
      <file href="objectives/pure.htm"/>
      <file href="assets/G_d0fe927811045.swfl"/>
      <dependency identifierref="R_misc"/>
      <dependency identifierref="R_corners_yellow"/>
    </resource>
    <resource identifier="R_copyright" type="webcontent" href="copyright/pure.htm">
      <file href="copyright/pure.htm"/>
      <file href="assets/G_9800c4bd12143.jpe"/>
      <dependency identifierref="R_misc"/>
    </resource>
    <resource identifier="R_help" type="webcontent" href="help/pure.htm">
      <file href="help/pure.htm"/>
      <file href="assets/G_5b80a2c912752.gif"/>
      <file href="assets/G_2ba94eda12752.gif"/>
      <file href="assets/G_4fda0ee312752.gif"/>
      <file href="assets/G_8173b4ea12752.gif"/>
      <file href="assets/G_62693fde12752.gif"/>
      <file href="assets/G_bb23b31412752.gif"/>
      <file href="assets/G_46148fd012752.gif"/>
      <file href="assets/G_cd362baf12753.gif"/>
      <file href="assets/G_1f72c44c12753.gif"/>
      <file href="assets/G_c0d99d6f12759.gif"/>
      <file href="assets/G_39afb8a812759.gif"/>
      <file href="assets/G_86848e0712759.gif"/>
      <file href="assets/G_0a7b113312759.gif"/>
      <file href="assets/G_17b1e0c612760.gif"/>
      <file href="assets/G_163ed93112760.gif"/>
      <file href="assets/G_fb6edfd312760.gif"/>
      <file href="assets/G_e841ed5512765.gif"/>
      <file href="assets/G_20205b4912765.gif"/>
      <file href="assets/G_2fe2700312765.gif"/>
      <file href="assets/G_58ff2ab612765.gif"/>
      <file href="assets/G_dcf7ce8312771.gif"/>
      <file href="assets/G_3f1349d312774.gif"/>
      <dependency identifierref="R_misc"/>
    </resource>
    <resource identifier="R_home_selfnav" type="webcontent" href="home/index.htm">
      <file href="home/index.htm"/>
      <file href="content_0/index.htm"/>
      <file href="content_1/index.htm"/>
      <file href="content_2/index.htm"/>
      <file href="content_3/index.htm"/>
      <file href="content_4/index.htm"/>
      <file href="content_5/index.htm"/>
      <file href="content_6/index.htm"/>
      <file href="content_7/index.htm"/>
      <file href="content_8/index.htm"/>
      <file href="content_9/index.htm"/>
      <file href="content_10/index.htm"/>
      <file href="content_11/index.htm"/>
      <file href="content_12/index.htm"/>
      <file href="content_13/index.htm"/>
      <file href="content_14/index.htm"/>
      <file href="content_15/index.htm"/>
      <file href="content_16/index.htm"/>
      <file href="content_17/index.htm"/>
      <file href="content_18/index.htm"/>
      <file href="content_19/index.htm"/>
      <file href="content_20/index.htm"/>
      <file href="content_21/index.htm"/>
      <file href="content_22/index.htm"/>
      <file href="content_23/index.htm"/>
      <file href="content_24/index.htm"/>
      <file href="content_25/index.htm"/>
      <file href="content_26/index.htm"/>
      <file href="content_27/index.htm"/>
      <file href="content_28/index.htm"/>
      <file href="content_29/index.htm"/>
      <file href="content_30/index.htm"/>
      <file href="content_31/index.htm"/>
      <file href="content_32/index.htm"/>
      <file href="content_33/index.htm"/>
      <file href="content_34/index.htm"/>
      <file href="content_35/index.htm"/>
      <file href="content_36/index.htm"/>
      <file href="content_37/index.htm"/>
      <file href="content_38/index.htm"/>
      <file href="content_39/index.htm"/>
      <file href="content_40/index.htm"/>
      <file href="content_41/index.htm"/>
      <file href="end/index.htm"/>
      <file href="info/index.htm"/>
      <file href="sena/index.htm"/>
      <file href="objectives/index.htm"/>
      <file href="copyright/index.htm"/>
      <file href="help/index.htm"/>
      <file href="assets/G_e712dee9919.gif"/>
      <file href="assets/G_d44222ee919.gif"/>
      <file href="assets/G_4b94fe49920.gif"/>
      <file href="assets/G_6ee8698d920.gif"/>
      <file href="assets/G_e14d5d37926.gif"/>
      <file href="assets/G_8dd89c29927.gif"/>
      <file href="assets/G_2ea95f624214.gif"/>
      <file href="assets/G_d3c25b254214.gif"/>
      <file href="assets/G_899245018319.swfl"/>
      <file href="assets/G_9dd59fce11998.swfl"/>
      <file href="assets/G_04a9ee1414653.swfl"/>
      <file href="assets/G_3942cd0117646.swfl"/>
      <file href="assets/G_7822f71620598.swfl"/>
      <file href="assets/G_11e2c99323389.swfl"/>
      <file href="assets/G_9957d4c126195.swfl"/>
      <file href="assets/G_e6d5c9e328938.swfl"/>
      <file href="assets/G_bdcea1b532122.swfl"/>
      <file href="assets/G_d67fe64336047.swfl"/>
      <file href="assets/G_f476dee338618.swfl"/>
      <file href="assets/G_459445f141779.swfl"/>
      <file href="assets/G_e7bfa9f645190.swfl"/>
      <file href="assets/G_52684e2747819.swfl"/>
      <file href="assets/G_05179f1050695.swfl"/>
      <file href="assets/G_bc69af8e53253.swfl"/>
      <file href="assets/G_51e13cd056073.swfl"/>
      <file href="assets/G_8f219ab158855.swfl"/>
      <file href="assets/G_2d69419d61918.swfl"/>
      <file href="assets/G_def251ea65267.swfl"/>
      <file href="assets/G_1f9db7df2736.swfl"/>
      <file href="assets/G_6b7f57b25711.swfl"/>
      <file href="assets/G_1f6434bb9195.swfl"/>
      <file href="assets/G_7c78169d13365.swfl"/>
      <file href="assets/G_686218e715962.swfl"/>
      <file href="assets/G_752f0c6918674.swfl"/>
      <file href="assets/G_4a6d574621660.swfl"/>
      <file href="assets/G_b27cd75b24413.swfl"/>
      <file href="assets/G_ba0583cd27497.swfl"/>
      <file href="assets/G_9cd9808b30161.swfl"/>
      <file href="assets/G_9a473c4432915.swfl"/>
      <file href="assets/G_52d1893035709.swfl"/>
      <file href="assets/G_b683ccd438413.swfl"/>
      <file href="assets/G_a97e68ab41213.swfl"/>
      <file href="assets/G_625a6a1d44064.swfl"/>
      <file href="assets/G_bb91314346709.swfl"/>
      <file href="assets/G_9857e7c149399.swfl"/>
      <file href="assets/G_3237e11b52484.swfl"/>
      <file href="assets/G_f9e36c2759670.swfl"/>
      <file href="assets/G_03814e5664153.swfl"/>
      <file href="assets/G_ab87d2722836.swfl"/>
      <file href="assets/G_d0fe927811045.swfl"/>
      <file href="assets/G_9800c4bd12143.jpe"/>
      <file href="assets/G_5b80a2c912752.gif"/>
      <file href="assets/G_2ba94eda12752.gif"/>
      <file href="assets/G_4fda0ee312752.gif"/>
      <file href="assets/G_8173b4ea12752.gif"/>
      <file href="assets/G_62693fde12752.gif"/>
      <file href="assets/G_bb23b31412752.gif"/>
      <file href="assets/G_46148fd012752.gif"/>
      <file href="assets/G_cd362baf12753.gif"/>
      <file href="assets/G_1f72c44c12753.gif"/>
      <file href="assets/G_c0d99d6f12759.gif"/>
      <file href="assets/G_39afb8a812759.gif"/>
      <file href="assets/G_86848e0712759.gif"/>
      <file href="assets/G_0a7b113312759.gif"/>
      <file href="assets/G_17b1e0c612760.gif"/>
      <file href="assets/G_163ed93112760.gif"/>
      <file href="assets/G_fb6edfd312760.gif"/>
      <file href="assets/G_e841ed5512765.gif"/>
      <file href="assets/G_20205b4912765.gif"/>
      <file href="assets/G_2fe2700312765.gif"/>
      <file href="assets/G_58ff2ab612765.gif"/>
      <file href="assets/G_dcf7ce8312771.gif"/>
      <file href="assets/G_3f1349d312774.gif"/>
      <dependency identifierref="R_misc"/>
      <dependency identifierref="R_framestyles_NLN_Minimal"/>
      <dependency identifierref="R_corners_yellow"/>
    </resource>
    <resource identifier="R_home_selfnav_popup" type="webcontent" href="popup.htm">
      <file href="popup.htm"/>
      <file href="home/index.htm"/>
      <file href="content_0/index.htm"/>
      <file href="content_1/index.htm"/>
      <file href="content_2/index.htm"/>
      <file href="content_3/index.htm"/>
      <file href="content_4/index.htm"/>
      <file href="content_5/index.htm"/>
      <file href="content_6/index.htm"/>
      <file href="content_7/index.htm"/>
      <file href="content_8/index.htm"/>
      <file href="content_9/index.htm"/>
      <file href="content_10/index.htm"/>
      <file href="content_11/index.htm"/>
      <file href="content_12/index.htm"/>
      <file href="content_13/index.htm"/>
      <file href="content_14/index.htm"/>
      <file href="content_15/index.htm"/>
      <file href="content_16/index.htm"/>
      <file href="content_17/index.htm"/>
      <file href="content_18/index.htm"/>
      <file href="content_19/index.htm"/>
      <file href="content_20/index.htm"/>
      <file href="content_21/index.htm"/>
      <file href="content_22/index.htm"/>
      <file href="content_23/index.htm"/>
      <file href="content_24/index.htm"/>
      <file href="content_25/index.htm"/>
      <file href="content_26/index.htm"/>
      <file href="content_27/index.htm"/>
      <file href="content_28/index.htm"/>
      <file href="content_29/index.htm"/>
      <file href="content_30/index.htm"/>
      <file href="content_31/index.htm"/>
      <file href="content_32/index.htm"/>
      <file href="content_33/index.htm"/>
      <file href="content_34/index.htm"/>
      <file href="content_35/index.htm"/>
      <file href="content_36/index.htm"/>
      <file href="content_37/index.htm"/>
      <file href="content_38/index.htm"/>
      <file href="content_39/index.htm"/>
      <file href="content_40/index.htm"/>
      <file href="content_41/index.htm"/>
      <file href="end/index.htm"/>
      <file href="info/index.htm"/>
      <file href="sena/index.htm"/>
      <file href="objectives/index.htm"/>
      <file href="copyright/index.htm"/>
      <file href="help/index.htm"/>
      <file href="assets/G_e712dee9919.gif"/>
      <file href="assets/G_d44222ee919.gif"/>
      <file href="assets/G_4b94fe49920.gif"/>
      <file href="assets/G_6ee8698d920.gif"/>
      <file href="assets/G_e14d5d37926.gif"/>
      <file href="assets/G_8dd89c29927.gif"/>
      <file href="assets/G_2ea95f624214.gif"/>
      <file href="assets/G_d3c25b254214.gif"/>
      <file href="assets/G_899245018319.swfl"/>
      <file href="assets/G_9dd59fce11998.swfl"/>
      <file href="assets/G_04a9ee1414653.swfl"/>
      <file href="assets/G_3942cd0117646.swfl"/>
      <file href="assets/G_7822f71620598.swfl"/>
      <file href="assets/G_11e2c99323389.swfl"/>
      <file href="assets/G_9957d4c126195.swfl"/>
      <file href="assets/G_e6d5c9e328938.swfl"/>
      <file href="assets/G_bdcea1b532122.swfl"/>
      <file href="assets/G_d67fe64336047.swfl"/>
      <file href="assets/G_f476dee338618.swfl"/>
      <file href="assets/G_459445f141779.swfl"/>
      <file href="assets/G_e7bfa9f645190.swfl"/>
      <file href="assets/G_52684e2747819.swfl"/>
      <file href="assets/G_05179f1050695.swfl"/>
      <file href="assets/G_bc69af8e53253.swfl"/>
      <file href="assets/G_51e13cd056073.swfl"/>
      <file href="assets/G_8f219ab158855.swfl"/>
      <file href="assets/G_2d69419d61918.swfl"/>
      <file href="assets/G_def251ea65267.swfl"/>
      <file href="assets/G_1f9db7df2736.swfl"/>
      <file href="assets/G_6b7f57b25711.swfl"/>
      <file href="assets/G_1f6434bb9195.swfl"/>
      <file href="assets/G_7c78169d13365.swfl"/>
      <file href="assets/G_686218e715962.swfl"/>
      <file href="assets/G_752f0c6918674.swfl"/>
      <file href="assets/G_4a6d574621660.swfl"/>
      <file href="assets/G_b27cd75b24413.swfl"/>
      <file href="assets/G_ba0583cd27497.swfl"/>
      <file href="assets/G_9cd9808b30161.swfl"/>
      <file href="assets/G_9a473c4432915.swfl"/>
      <file href="assets/G_52d1893035709.swfl"/>
      <file href="assets/G_b683ccd438413.swfl"/>
      <file href="assets/G_a97e68ab41213.swfl"/>
      <file href="assets/G_625a6a1d44064.swfl"/>
      <file href="assets/G_bb91314346709.swfl"/>
      <file href="assets/G_9857e7c149399.swfl"/>
      <file href="assets/G_3237e11b52484.swfl"/>
      <file href="assets/G_f9e36c2759670.swfl"/>
      <file href="assets/G_03814e5664153.swfl"/>
      <file href="assets/G_ab87d2722836.swfl"/>
      <file href="assets/G_d0fe927811045.swfl"/>
      <file href="assets/G_9800c4bd12143.jpe"/>
      <file href="assets/G_5b80a2c912752.gif"/>
      <file href="assets/G_2ba94eda12752.gif"/>
      <file href="assets/G_4fda0ee312752.gif"/>
      <file href="assets/G_8173b4ea12752.gif"/>
      <file href="assets/G_62693fde12752.gif"/>
      <file href="assets/G_bb23b31412752.gif"/>
      <file href="assets/G_46148fd012752.gif"/>
      <file href="assets/G_cd362baf12753.gif"/>
      <file href="assets/G_1f72c44c12753.gif"/>
      <file href="assets/G_c0d99d6f12759.gif"/>
      <file href="assets/G_39afb8a812759.gif"/>
      <file href="assets/G_86848e0712759.gif"/>
      <file href="assets/G_0a7b113312759.gif"/>
      <file href="assets/G_17b1e0c612760.gif"/>
      <file href="assets/G_163ed93112760.gif"/>
      <file href="assets/G_fb6edfd312760.gif"/>
      <file href="assets/G_e841ed5512765.gif"/>
      <file href="assets/G_20205b4912765.gif"/>
      <file href="assets/G_2fe2700312765.gif"/>
      <file href="assets/G_58ff2ab612765.gif"/>
      <file href="assets/G_dcf7ce8312771.gif"/>
      <file href="assets/G_3f1349d312774.gif"/>
      <dependency identifierref="R_misc"/>
      <dependency identifierref="R_framestyles_NLN_Minimal"/>
      <dependency identifierref="R_corners_yellow"/>
    </resource>
    <resource identifier="R_misc" type="webcontent">
      <file href="assets/misc/db.css"/>
      <file href="assets/misc/blank.gif"/>
    </resource>
    <resource identifier="R_framestyles_NLN_Minimal" type="webcontent">
      <file href="assets/framestyles/NLN/Minimal/top_bg.gif"/>
      <file href="assets/framestyles/NLN/Minimal/top_grey.gif"/>
      <file href="assets/framestyles/NLN/Minimal/top_blank.gif"/>
      <file href="assets/framestyles/NLN/Minimal/print.gif"/>
      <file href="assets/framestyles/NLN/Minimal/help.gif"/>
      <file href="assets/framestyles/NLN/Minimal/bottom_blank.gif"/>
      <file href="assets/framestyles/NLN/Minimal/info.gif"/>
      <file href="assets/framestyles/NLN/Minimal/bottom_bg.gif"/>
      <file href="assets/framestyles/NLN/Minimal/next.gif"/>
      <file href="assets/framestyles/NLN/Minimal/home.gif"/>
      <file href="assets/framestyles/NLN/Minimal/back.gif"/>
    </resource>
    <resource identifier="R_corners_yellow" type="webcontent">
      <file href="assets/corners/yellow/topleft.gif"/>
      <file href="assets/corners/yellow/topright.gif"/>
      <file href="assets/corners/yellow/bottomleft.gif"/>
      <file href="assets/corners/yellow/bottomright.gif"/>
      <file href="assets/corners/yellow/top.gif"/>
      <file href="assets/corners/yellow/bottom.gif"/>
      <file href="assets/corners/yellow/left.gif"/>
      <file href="assets/corners/yellow/right.gif"/>
    </resource>
  </resources>
</manifest>
